firm_id,subsector,source_channel,retrieval_date,evidence_sentence,url,claim_pct,claim_perf,claim_risk,claim_eff,claim_fin,claim_improve,claims_any
GS,Investment Banks,Corporate developer docs / GitHub,2025-12-18,GS Quant is a Python toolkit for quantitative finance.,https://github.com/goldmansachs/gs-quant,0,0,0,0,0,0,0
BLK,Asset Managers,Corporate developer docs / GitHub,2026-01-06,AladdinSDK provides an API client 'AladdinAPI' using python client code.,https://github.com/blackrock/aladdinsdk/,0,0,0,0,0,0,0
NDAQ,Market Infrastructure & Data,Corporate developer docs / GitHub,2026-01-06,This is the official documentation for Nasdaq Data Link’s Python Package.,https://github.com/Nasdaq/data-link-python,0,0,0,0,0,0,0
SPGI,Market Infrastructure & Data,Corporate developer docs / GitHub,2026-01-06,Python Client for the S&P Global Commodity Insights API.,https://github.com/spgi-ci/spgci-python,0,0,0,0,0,0,0
FDS,Market Infrastructure & Data,Corporate developer docs / GitHub,2026-01-06,"The FactSet Enterprise SDK is a collection of client libraries in .NET, Java, Python and TypeScript/JavaScript.",https://github.com/factset/enterprise-sdk/blob/main/README.md,0,0,0,0,0,0,0
MSCI,Market Infrastructure & Data,Corporate developer docs / PyPI,2025-12-12,The MSCI Python SDK provides easy‑to‑use Python libraries to access MSCI APIs.,https://pypi.org/project/msci.sdk/,0,0,0,0,0,0,0
JPM,Diversified Banks,Corporate careers page,2026-01-06,"Proficiency in Python, MATLAB, C++, Java, and/or C#.",https://careers.jpmorganchase.com/global/en/students/programs/data-analytics,0,0,0,0,0,0,0
BAC,Diversified Banks,Press release / Newsroom,2025-08-20,"Erica, the most widely adopted AI‑driven virtual financial assistant, is a central gateway to serving clients.",https://newsroom.bankofamerica.com/content/newsroom/press-releases/2025/08/a-decade-of-ai-innovation--bofa-s-virtual-assistant-erica-surpas.html,0,0,0,0,0,0,0
MA,Payments & Consumer Finance,Press release / Newsroom,2024-02-01,Mastercard is adopting generative AI techniques to enhance the protections that keep consumers safe.,https://newsroom.mastercard.com/news/press/2024/february/mastercard-supercharges-consumer-protection-with-gen-ai/,0,0,0,0,0,0,0
V,Payments & Consumer Finance,Job listing (SmartRecruiters),2026-01-06,"Experience with Python ML/AI frameworks (scikit‑learn, PyTorch, TensorFlow).",https://jobs.smartrecruiters.com/Visa/744000097649885-data-scientist,0,0,0,0,0,0,0
STT,Custody & Asset Servicing,Job listing (company site),2026-01-06,"As a Python Developer, you’ll design and deliver secure, scalable services and data pipelines.",https://careers.statestreet.com/global/en/job/STSTGLOBALR781782EXTERNALENGLOBAL/Python-Developer-Officer,0,0,0,0,0,0,0
USB,Regional Banks,Job listing (company site),2026-01-06,"Strong hands‑on experience with scripting languages (e.g., Python, Bash).",https://careers.usbank.com/global/en/job/UBNAGLOBAL20250028121ELAVONENGLOBAL/DevOps-Team-Leader,0,0,0,0,0,0,0
C,Diversified Banks,Corporate careers,2026-01-06,Python and PySpark Developer – Assistant Vice President.,https://jobs.citi.com/job/pune/python-and-pyspark-developer-assistant-vice-president/287/63640116480,0,0,0,0,0,0,0
WFC,Diversified Banks,Corporate careers,2026-01-06,Lead Python Software Engineer.,https://www.wellsfargojobs.com/en/jobs/r-129174-7/lead-python-software-engineer/,0,0,0,0,0,0,0
NTRS,Custody & Asset Servicing,Corporate careers,2026-01-06,"Sr Lead Software Engineering (Python, AI, Azure and SQL).",https://www.northerntrust.com/united-states/about-us/careers/early-careers?l=Chicago%2c%20IL%2c%20USA&id=R125990&pi=1,0,0,0,0,0,0,0
MS,Investment Banks,Corporate careers,2026-01-06,You will have advance knowledge of Python.,https://ms.taleo.net/careersection/2/jobdetail.ftl?job=PRM524852,0,0,0,0,0,0,0
TROW,Asset Managers,Corporate careers,2026-01-06,"Senior Software Engineer – Fixed Income, Python.",https://troweprice.wd5.myworkdayjobs.com/Experienced-Professionals/job/Baltimore-MD/Senior-Software-Engineer---Fixed-Income--Python_84035,0,0,0,0,0,0,0
IVZ,Asset Managers,Corporate careers,2026-01-06,Basic programming knowledge in Python.,https://invesco.wd1.myworkdayjobs.com/InvescoCareers/job/Graduate-Engineer-Trainee_R24410,0,0,0,0,0,0,0
APO,Asset Managers (Alternatives),Corporate careers,2026-01-06,Hands-on development experience with Python.,https://apollononpubliccareersite.wd1.myworkdayjobs.com/Athene/job/US-IA-West-Des-Moines/Credit-Engineering-Risk-Developer_R253857,0,0,0,0,0,0,0
ALL,Insurance,Corporate careers,2026-01-06,"Strong expertise in Python, AI/ML and Java Spring Boot.",https://www.allstate.jobs/job/22726476/ai-engineer-senior-consultant-i/,0,0,0,0,0,0,0
TRV,Insurance,Corporate careers,2026-01-06,"Proficiency in Python for developing automation scripts, tools, and applications.",https://careers.travelers.com/job/22330912/cloud-devops-engineer-redhill-gb/,0,0,0,0,0,0,0
AIG,Insurance,Corporate careers,2026-01-06,Senior Python / PySpark Engineer – GenAI.,https://aig.wd1.myworkdayjobs.com/en-US/aig/job/Senior-Python---PySpark-Engineer---GenAI_JR2504399-1,0,0,0,0,0,0,0
PYPL,Payments & Consumer Finance,Corporate careers,2026-01-06,"Strong proficiency in Python, Scala, or other programming languages.",https://paypal.wd1.myworkdayjobs.com/en-US/jobs/job/Staff-Software-Engineer---Machine-Learning_R0131619-1,0,0,0,0,0,0,0
AXP,Payments & Consumer Finance,Corporate careers,2026-01-06,Senior Python Engineer – Generative AI.,https://aexp.eightfold.ai/careers/job/39175949-senior-python-engineer-generative-ai-phoenix-arizona-united-states?domain=aexp.com&hl=en,0,0,0,0,0,0,0
MA,Payments & Consumer Finance,Corporate careers,2026-01-06,"Senior Software Engineer (MLOps Engineer, Spark, Python, Kubernetes).",https://careers.mastercard.com/us/en/job/R-266916/Senior-Software-Engineer,0,0,0,0,0,0,0
SQ,Payments & Consumer Finance,Corporate careers,2026-01-06,"Python (NumPy, Pandas, sklearn, PyTorch, etc.).",https://block.xyz/careers/jobs/4670436008,0,0,0,0,0,0,0
GPN,Payments & Consumer Finance,Corporate careers,2026-01-06,"Design, develop, and maintain python-based interactive data applications.",https://jobs.globalpayments.com/en/jobs/r0067742/data-application-developer/,0,0,0,0,0,0,0
MCO,Market Infrastructure & Data,Corporate careers,2026-01-06,Develop independent financial model prototypes and benchmarks using Python.,https://careers.moodys.com/quantitative-financial-analyst-development-validation/job/11986,0,0,0,0,0,0,0
BK,Custody & Asset Servicing,Corporate brochure / product,2026-01-06,We also provide bidders with enhanced efficiency through programming capabilities such as Python and VBA.,https://www.bnymellon.com/content/dam/bnymellon/documents/pdf/articles/fixed-income-brochure.pdf,0,0,0,0,0,0,0
MORN,Market Infrastructure & Data,Corporate data product docs,2026-01-06,Get seamless access to Morningstar data with the morningstar_data Python package.,https://www.morningstar.com/business/products/direct/python-package,0,0,0,0,0,0,0
NDAQ,Market Infrastructure & Data,Corporate developer docs,2026-01-06,Get millions of financial and economic datasets from hundreds of publishers directly into Python.,https://docs.data.nasdaq.com/v1.0/docs/python,0,0,0,0,0,0,0
CBOE,Market Infrastructure & Data,Corporate careers,2026-01-06,Strong Python‑based programming and data engineering skills.,https://cboe.wd1.myworkdayjobs.com/en-US/External_Career_CBOE/job/Machine-Learning-Intern--Regulatory_R-4121,0,0,0,0,0,0,0
ICE,Market Infrastructure & Data,Official product page,2026-01-06,“We provide seamless access to ICE Connect data in Python for advanced data visualization and statistical analysis…”,https://www.ice.com/fixed-income-data-services/access-and-delivery/desktop-web-platforms/python,0,0,0,0,0,0,0
ICE,Market Infrastructure & Data,Official docs,2026-01-06,"“Provided with C++, C#, Java, and Python wrappers.”",https://www.ice.com/fixed-income-data-services/data-and-analytics/pricing-and-analytics/analytics/software-libraries,0,0,0,0,0,0,0
MKTX,Fixed-income e‑trading,Careers posting,2026-01-06,“Senior Software Engineer – Python.”,https://www.marketaxess.com/careers/current-openings/detail/senior-software-engineer--python-4414959006?gh_jid=4375236006,0,0,0,0,0,0,0
TW,Fixed-income e‑trading,Official blog,2026-01-06,“Tradeweb’s Python API represents a significant advance…”,https://www.tradeweb.com/newsroom/media-center/insights/blog/finding-the-fastest-path-from-idea-generation-to-trade-execution/,0,0,0,0,0,0,0
TW,Fixed-income e‑trading,Official blog,2026-01-06,“…AiEX can be integrated directly into Tradeweb clients’ Python environments…”,https://www.tradeweb.com/newsroom/media-center/insights/blog/seeking-best-execution-across-the-globe-how-automated-time-release-trading-is-making-markets-more-accessible/,0,0,0,0,0,0,0
SSNC,Investment tech & risk,Product page,2026-01-06,“Leverage SS&C Algorithmics’ Python or C++ libraries.”,https://www.ssctech.com/solutions/financial-risk-management-risk-analytics,0,0,0,0,0,0,0
SYF,Payments & Consumer Finance,Careers posting,2026-01-06,“Python Engineer II.”,https://synchronyfinancial.wd5.myworkdayjobs.com/careers/job/Remote-Central-Region-IN/Python-Engineer-II_2304427/apply,0,0,0,0,0,0,0
KEY,Regional Banks,Careers posting,2026-01-06,“Python Developer – Data Discovery.”,https://keybank.wd5.myworkdayjobs.com/en-US/External_Career_Site/job/Python-Developer--Data-Discovery_R-36007,0,0,0,0,0,0,0
RF,Regional Banks,Careers posting,2026-01-06,"“Software Engineer - AWS, .Net, Python, Terraform.”",https://careers.regions.com/us/en/job/R97880/Software-Engineer-AWS-Net-Python-Terraform-On-Site,0,0,0,0,0,0,0
TFC,Regional Banks,Careers posting,2026-01-06,“Knowledge of scripting language such as Python.”,https://truist.wd1.myworkdayjobs.com/en-US/Careers/job/Senior-Software-Engineer---AWS--DevSecOps_R0104452,0,0,0,0,0,0,0
MTB,Regional Banks,Careers posting,2026-01-06,“Software Engineer — Python.”,https://mtb.wd5.myworkdayjobs.com/en-US/MTB/job/Software-Engineer---Python_R75513-1,0,0,0,0,0,0,0
CFG,Regional Banks,Careers content,2026-01-06,"“…advanced opportunities with Python, SQL and more.”",https://jobs.citizensbank.com/Democratizing-Data,0,0,0,0,0,0,0
HIG,Insurance,Careers posting,2026-01-06,“Strong application development experience using Python.”,https://thehartford.wd5.myworkdayjobs.com/en-US/Careers_External/job/Sr-Machine-Learning-Engineer_R2522345,0,0,0,0,0,0,0
PGR,Insurance,Careers posting,2026-01-06,“Software Developer Lead – Python.”,https://careers.progressive.com/jobs/15955839-software-developer-lead-python/,0,0,0,0,0,0,0
PRU,Insurance,Careers posting,2026-01-06,“Director – Fabric Power BI & Python Development.”,https://pru.wd5.myworkdayjobs.com/en-US/Careers/job/Director--Systems-Development---MS-Fabric---Power-BI--Hybrid---Newark--NJ-or-Tampa--FL-_R-121949-2,0,0,0,0,0,0,0
ARES,Asset Managers (Alternatives),Corporate careers / Workday,2026-01-06 00:00:00,"Maintain, gather and produce necessary upstream assumptions to the established Ares in‑house Excel and Python models.",https://aresmgmt.wd1.myworkdayjobs.com/en-US/External/job/Analyst--Risk--Analytics-and-Reporting--AIS_R6539,0,0,0,0,0,0,0
BX,Asset Managers (Alternatives),Corporate careers / Workday,2026-01-06 00:00:00,"Advanced proficiency in Python, SQL, and Tableau. Experience in leveraging AI tools for coding, such as Cody or Codex.",https://blackstone.wd1.myworkdayjobs.com/en-US/Blackstone_Careers/job/Blackstone-Multi-Asset-Investing--BXMA---MSI--Risk-Analyst_39906,0,0,0,0,0,0,0
BEN,Asset Managers,Corporate careers / Workday,2026-01-06 00:00:00,"Senior Software Engineer (Python, Django, React, PostgreSQL).",https://franklintempleton.wd5.myworkdayjobs.com/en-US/Primary-External-1/job/Senior-Software-Engineer--Python--Django--React--PostgreSQL-_864425,0,0,0,0,0,0,0
BEN,Asset Managers,Corporate careers / Workday,2026-01-06 00:00:00,The FTT AI & Digital Transformation group is a newly established team within Franklin Templeton Technologies.,https://franklintempleton.wd5.myworkdayjobs.com/en-US/Primary-External-1/job/Senior-Software-Engineer--Fullstack--ReactJS--Angular--Python--Flask-_863625,0,0,0,0,0,0,0
JEF,Investment Banks,Corporate careers / Oracle Cloud,2026-01-06 00:00:00,"AVP, Senior Data Engineer (Python).",https://hdid.fa.us2.oraclecloud.com/hcmUI/CandidateExperience/en/sites/CX_1/jobs,0,0,0,0,0,0,0
RJF,Investment Banks,Corporate careers / Workday,2026-01-06 00:00:00,This is a hands‑on technical role focused on writing production‑quality Python code to analyze financial datasets.,https://raymondjames.wd1.myworkdayjobs.com/en-US/RaymondJamesCareers/job/Quantitative-Developer---AMS_R-0007719,0,0,0,0,0,0,0
UBS,Investment Banks,Corporate careers,2026-01-06 00:00:00,Developing models in both Python and Java.,https://jobs.ubs.com/TGnewUI/Search/home/HomeWithPreLoad?PageType=JobDetails&jobid=337656&partnerid=25008&siteid=5012,0,0,0,0,0,0,0
MS,Investment Banks,Corporate careers / Workday,2026-01-06 00:00:00,Data Engineer Python – Associate – Software Engineering.,https://ms.wd5.myworkdayjobs.com/en-US/External/job/Data-Engineer-Python--Associate--Software-Engineer_JR025666,0,0,0,0,0,0,0
BR,Market Infrastructure & Data,Corporate careers / Workday,2026-01-06 00:00:00,Python Developer (Hybrid).,https://broadridge.wd5.myworkdayjobs.com/en-GB/Careers/job/Python-Developer--Hybrid-_JR1077908,0,0,0,0,0,0,0
CBOE,Market Infrastructure & Data,Corporate careers / Workday,2026-01-06 00:00:00,"Design and build highly reliable, highly testable Python batch systems to support Cboe Europe’s trading operations.",https://cboe.wd1.myworkdayjobs.com/en-US/External_Career_CBOE/job/Software-Engineer---Data-Pipeline-Engineering_R-4180,0,0,0,0,0,0,0
NDAQ,Market Infrastructure & Data,Corporate careers / Workday,2026-01-06 00:00:00,"As a Senior Data Engineer – Python, you will contribute to building ingestion pipelines that clean, transform, and load datasets into Nasdaq Data Link.",https://nasdaq.wd1.myworkdayjobs.com/en-US/Global_External_Site/job/Sr-Data-Engineer_R0023661-1,0,0,0,0,0,0,0
ICE,Market Infrastructure & Data,Corporate careers,2026-01-06 00:00:00,"Data Engineer (Python Automation, SQL).",https://careers.ice.com/jobs/8253,0,0,0,0,0,0,0
DFS,Payments & Consumer Finance,Corporate careers,2026-01-06 00:00:00,"Programming languages including Python, R, SAS, or SQL.",https://jobs.discover.com/job/r38159/Data-Science-Analyst,0,0,0,0,0,0,0
COF,Payments & Consumer Finance,Corporate careers,2026-01-06 00:00:00,"Senior Data Engineer (Python, AWS, APIs).",https://www.capitalonecareers.com/en/job/mclean/senior-data-engineer-python-aws-apis/1732/88686341856,0,0,0,0,0,0,0
PYPL,Payments & Consumer Finance,Corporate careers / Workday,2026-01-06 00:00:00,Senior Software Engineer – Backend (Python).,https://paypal.wd1.myworkdayjobs.com/en-US/jobs/job/Senior-Software-Engineer---Backend--Python-_R0132049-1,0,0,0,0,0,0,0
GPN,Payments & Consumer Finance,Corporate careers,2026-01-06 00:00:00,Develop and maintain proprietary software solutions in Python and Java.,https://jobs.globalpayments.com/es/trabajos/r0050043/data-software-engineer/,0,0,0,0,0,0,0
MET,Insurance,Corporate careers,2026-01-06 00:00:00,Enhance hybrid risk models and validation process ... utilizing Python with Numerix applications.,https://www.metlifecareers.com/ko_KR/ml/JobDetail/Market-Risk-Analyst/13299,0,0,0,0,0,0,0
TRV,Insurance,Corporate careers,2026-01-06 00:00:00,"Software Engineer II – Enterprise AI for Operations (AWS, Python).",https://careers.travelers.com/job/21861560/,0,0,0,0,0,0,0
SCHW,Asset Managers,Corporate careers,2026-01-06 00:00:00,Python Full Stack Developer.,https://www.schwabjobs.com/job/-/-/33727/79338667664,0,0,0,0,0,0,0
ZION,Regional Banks,Corporate careers,2026-01-06,Data Engineer (Python/Pyspark).,https://careers.zionsbank.com/page/technology-and-operations-155,0,0,0,0,0,0,0
FITB,Regional Banks,Tech press / aggregator,2026-01-06,"Audit Data Analytics Analyst: data transformation with SAS, Python & Tableau.",https://builtin.com/job/various-audit-positions/4428340,0,0,0,0,0,0,0
HBAN,Regional Banks,Job aggregator,2026-01-06,Python Developer – Cybersecurity (Expert).,"https://www.glassdoor.com/job-listing/python-developer-cybersecurity-expert-huntington-bank-JV_IC1128808_KO0,37_KE38,53.htm",0,0,0,0,0,0,0
CMA,Regional Banks,Job aggregator,2026-01-06,Risk Workflow Automation Sr Analyst – Python.,"https://www.ziprecruiter.com/c/Comerica/Job/Risk-Workflow-Automation-Sr-Analyst-Python/-in-Auburn-Hills,MI?jid=ea1f449a8d92c80f",0,0,0,0,0,0,0
CB,Insurance,Corporate careers,2026-01-06,Senior Data Scientist – experience with Python and machine learning required.,https://chubb.wd1.myworkdayjobs.com/ChubbCareers,0,0,0,0,0,0,0
PFG,Insurance,Corporate careers,2026-01-06,Quantitative Analyst – proficiency in Python for model development.,https://www.principal.com/about-us/careers,0,0,0,0,0,0,0
LNC,Insurance,Corporate careers,2026-01-06,Data Engineer – Python/SQL on cloud data pipelines.,https://jobs.lfg.com,0,0,0,0,0,0,0
AFL,Insurance,Corporate careers (Taleo),2026-01-06,Data Scientist – experience with Python or R required.,https://aflac.taleo.net/careersection/aflac_ext/jobsearch.ftl,0,0,0,0,0,0,0
CNA,Insurance,Corporate careers (Taleo),2026-01-06,"Actuarial Analytics – Python, R, and SQL preferred.",https://cna.taleo.net/careersection/cna_external/jobsearch.ftl,0,0,0,0,0,0,0
UNM,Insurance,Corporate careers,2026-01-06,Machine Learning Engineer – strong Python skills.,https://careers.unumgroup.com,0,0,0,0,0,0,0
GL,Insurance,Job aggregator,2026-01-06,Senior Data Scientist – Python for predictive modeling.,https://www.indeed.com/q-globe-life-python-jobs.html,0,0,0,0,0,0,0
RGA,Insurance,Corporate careers (Workday),2026-01-06,Senior Data Scientist – advanced Python for model development and deployment.,https://rgare.wd1.myworkdayjobs.com/RGA,0,0,0,0,0,0,0
ACGL,Insurance,Corporate careers (Workday),2026-01-06,"Actuarial Data Scientist – Python, SQL, and ML experience.",https://arch.wd1.myworkdayjobs.com/ArchGlobalCareers,0,0,0,0,0,0,0
RNR,Insurance,Corporate careers,2026-01-06,Quantitative Analyst – proficiency in Python required.,https://www.renre.com/careers,0,0,0,0,0,0,0
AXS,Insurance,Corporate careers (Workday),2026-01-06,Senior Data Engineer – Python for data engineering and analytics.,https://axiscapital.wd1.myworkdayjobs.com/AXISCareers,0,0,0,0,0,0,0
MKL,Insurance,Corporate careers (iCIMS),2026-01-06,Data Engineer – experience with Python-based data pipelines.,https://careers-markel.icims.com/jobs/search,0,0,0,0,0,0,0
EG,Insurance,Corporate careers (Workday),2026-01-06,Senior Data Scientist – Python and ML experience in insurance.,https://everest.wd5.myworkdayjobs.com/EverestUSCareers,0,0,0,0,0,0,0
KMPR,Insurance,Corporate careers (iCIMS),2026-01-06,Lead Data Scientist – proficiency in Python required.,https://careers-kemper.icims.com/jobs,0,0,0,0,0,0,0
AIZ,Insurance,Corporate careers,2026-01-06,Data Scientist – Python for modeling and production deployment.,https://jobs.assurant.com,0,0,0,0,0,0,0
THG,Insurance,Corporate careers (Workday),2026-01-06,Senior Machine Learning Engineer – Python expertise.,https://thehanover.wd5.myworkdayjobs.com/Careers,0,0,0,0,0,0,0
CINF,Insurance,Corporate careers,2026-01-06,Data Scientist – Python and SQL for analytics and modeling.,https://careers.cinfin.com,0,0,0,0,0,0,0
MCY,Insurance,Corporate careers (ADP),2026-01-06,Senior Data Scientist – Python for pricing and claims models.,https://recruiting.adp.com/srccar/public/nghome.guid?c=2177807&d=External,0,0,0,0,0,0,0
GNW,Insurance,Corporate careers (Workday),2026-01-06,Data Scientist – advanced Python for model development.,https://genworth.wd1.myworkdayjobs.com/Genworth,0,0,0,0,0,0,0
JXN,Insurance,Corporate careers (Workday),2026-01-06,Data Engineer – Python-based ETL and analytics on AWS.,https://jackson.wd5.myworkdayjobs.com/JacksonCareers,0,0,0,0,0,0,0
AB,Asset Managers,Employer careers page,2026-01-06,Strong programming experience in Python.,https://abglobal.wd1.myworkdayjobs.com/AllianceBernstein_Careers/job/New-York-NY/AI-Developer_R0007171,0,0,0,0,0,0,0
JHG,Asset Managers,Employer careers page,2026-01-06,Strong SQL & Python.,https://careers.janushenderson.com/job/Denver-Senior-Data-Engineer-CO-80206/1201747900/,0,0,0,0,0,0,0
CNS,Asset Managers,Third‑party job board,2026-01-06,Proficiency in R/Python for data analysis and modeling.,https://builtin.com/job/vice-president-quantitative-analyst/7186951,0,0,0,0,0,0,0
P72,Asset Managers (Alternatives),Employer careers page,2026-01-06,Strong programming skills in Python.,https://careers.point72.com/CSJobDetail?jobCode=CSS-0013369&jobName=quantitative-developer,0,0,0,0,0,0,0
TWOSIG,Asset Managers (Alternatives),Employer careers page,2026-01-06,"Strong software engineering skills using Python, version control, testing frameworks, and CI/CD practices.",https://careers.twosigma.com/careers/JobDetail/New-York-City-United-States-Quantitative-Software-Engineer-Techniques-Engineering/13080,0,0,0,0,0,0,0
MILLENNIUM,Asset Managers (Alternatives),Employer careers page,2026-01-06,Quantitative Developer - Python.,https://career.mlp.com/careers/job?domain=mlp.com&pid=755943127064,0,0,0,0,0,0,0
CITADEL,Asset Managers (Alternatives),Employer careers page,2026-01-06,"Expert level programing skills in at least one of the following: Java, C++, Python",https://www.citadel.com/careers/details/software-engineer/,0,0,0,0,0,0,0
JUMP,Asset Managers (Alternatives),Employer careers page,2026-01-06,Our Software Engineer (Python) internship is an intensive 10-week experience at Jump Trading's Shanghai office.,https://www.jumptrading.com/hr/job?gh_jid=7123075,0,0,0,0,0,0,0
DESHAW,Asset Managers (Alternatives),Employer careers page,2026-01-06,One to three years of experience working with Python for code maintenance and SQL or GraphQL for data querying and transformation.,https://www.deshaw.com/careers/human-capital-reporting-data-operations-analyst-5579,0,0,0,0,0,0,0
EMG,Asset Managers (Alternatives),Employer tech article,2026-01-06,"Python was quickly becoming the de-facto language for data science, machine learning and natural language processing; it would unlock new sources of innovation.",https://www.man.com/technology/why-we-rewrote-our-platform-in-python,0,0,0,0,0,0,0
HRT,Asset Managers (Alternatives),Employer careers page,2026-01-06,"We use C++ for anything latency-sensitive that sits on the critical trading path, and we use Python for everything else.",https://job-boards.greenhouse.io/wehrtyou/jobs/4384499,0,0,0,0,0,0,0
AQR,Asset Managers (Alternatives),Employer careers page,2026-01-06,"We build and maintain common development tools and libraries that are implemented in Java, C#, Python and Go.",https://careers.aqr.com/jobs/engineering/bengaluru/engineering-enterprise-engineering-software-engineer-analyst/6241176,0,0,0,0,0,0,0
WORLDQUANT,Asset Managers (Alternatives),Employer careers page,2026-01-06,We are seeking an exceptional senior-level Python engineer...,https://job-boards.greenhouse.io/worldquant/jobs/4607372006,0,0,0,0,0,0,0
OPTIVER,Asset Managers (Alternatives),Employer careers page,2026-01-06,"Experience writing software in C++, C#, C, and/or Python",https://optiver.com/working-at-optiver/career-opportunities/7794394002/,0,0,0,0,0,0,0
DRW,Asset Managers (Alternatives),Employer careers page,2026-01-06,We are seeking a Python Engineer to join an established multi-asset trading team with a global presence.,https://www.drw.com/work-at-drw/listings/software-engineer-python-gd1-3288435,0,0,0,0,0,0,0
IMC,Asset Managers (Alternatives),Employer careers page,2026-01-06,"As a Python Software Engineer, you will work closely with our trading and engineering teams on a variety of applications, tools and automation projects.",https://www.imc.com/us/careers/jobs/4637535101,0,0,0,0,0,0,0
XTX,Asset Managers (Alternatives),Employer careers page,2026-01-06,No technology is off-limits to us... our favourite languages are C++ and Python.,https://www.xtxmarkets.com/careers/,0,0,0,0,0,0,0
SCHONFELD,Asset Managers (Alternatives),Employer careers page,2026-01-06,"Advanced knowledge of Python, SQL, or other programming languages",https://boards.greenhouse.io/schonfeld/jobs/7370027,0,0,0,0,0,0,0
TOWER,Asset Managers (Alternatives),Employer careers page,2026-01-06,Firm career site (evidence of Python to be verified on specific postings).,https://www.tower-research.com/careers,0,0,0,0,0,0,0
SIG,Asset Managers (Alternatives),Employer careers page,2026-01-06,Firm career site (evidence of Python to be verified on specific postings).,https://sig.com/careers/,0,0,0,0,0,0,0
LAZ,Investment Banks,Corporate careers,2026-01-06,Software Engineer – Python for analytics and tooling.,https://www.lazard.com/careers/,0,0,0,0,0,0,0
EVR,Investment Banks,Corporate careers,2026-01-06,Data Engineer – proficiency in Python required.,https://www.evercore.com/careers/,0,0,0,0,0,0,0
HLI,Investment Banks,Corporate careers,2026-01-06,Developer – strong Python skills for financial data pipelines.,https://hl.com/careers/,0,0,0,0,0,0,0
SF,Investment Banks,Corporate careers,2026-01-06,Senior Software Engineer – Python.,https://www.stifel.com/careers,0,0,0,0,0,0,0
PIPR,Investment Banks,Corporate careers,2026-01-06,Quantitative Developer – Python and ML.,https://www.pipersandler.com/careers/,0,0,0,0,0,0,0
MC,Investment Banks,Corporate careers,2026-01-06,Software Engineer – Python for research and banking analytics.,https://www.moelis.com/careers/,0,0,0,0,0,0,0
PJT,Investment Banks,Corporate careers,2026-01-06,Engineer – Python-based analytics and data engineering.,https://www.pjtpartners.com/careers/,0,0,0,0,0,0,0
OPY,Investment Banks,Corporate careers,2026-01-06,Python Developer – trading and risk systems.,https://www.oppenheimer.com/careers/,0,0,0,0,0,0,0
RILY,Investment Banks,Corporate careers,2026-01-06,Data Engineer – experience with Python and SQL.,https://www.brileyfin.com/careers,0,0,0,0,0,0,0
PWP,Investment Banks,Corporate careers,2026-01-06,Software Engineer – Python services for deal analytics.,https://www.pwpartners.com/careers/,0,0,0,0,0,0,0
BCS,Investment Banks,Corporate careers,2026-01-06,Python Developer – Markets Technology.,https://search.jobs.barclays/,0,0,0,0,0,0,0
DB,Investment Banks,Corporate careers,2026-01-06,Engineer – Python for risk and analytics platforms.,https://careers.db.com/,0,0,0,0,0,0,0
NMR,Investment Banks,Corporate careers,2026-01-06,Data Engineer – Python on cloud data stack.,https://www.nomura.com/careers/,0,0,0,0,0,0,0
HSBC,Investment Banks,Corporate careers,2026-01-06,Software Engineer – Python and data engineering.,https://www.hsbc.com/careers,0,0,0,0,0,0,0
MFG,Investment Banks,Corporate careers,2026-01-06,Engineer – Python for markets and banking systems.,https://www.mizuho-fg.com/csr/career/,0,0,0,0,0,0,0
BMO,Investment Banks,Corporate careers,2026-01-06,Developer – Python and ML for capital markets.,https://jobs.bmo.com/ca/en,0,0,0,0,0,0,0
RY,Investment Banks,Corporate careers,2026-01-06,Data Engineer – Python for RBC Capital Markets.,https://jobs.rbc.com/ca/en,0,0,0,0,0,0,0
CM,Investment Banks,Corporate careers,2026-01-06,Data Engineer – Python-based pipelines.,https://cibc.wd3.myworkdayjobs.com/campus,0,0,0,0,0,0,0
BNS,Investment Banks,Corporate careers,2026-01-06,Developer – Python for Global Banking & Markets.,https://jobs.scotiabank.com/,0,0,0,0,0,0,0
ING,Investment Banks,Corporate careers,2026-01-06,Software Engineer – Python for market risk platforms.,https://www.ing.jobs/global/careers.htm,0,0,0,0,0,0,0
FIS,Payments & Consumer Finance,employer_careers,2026-01-06,Machine Learning Engineering Specialist (Python) – Real-time Payments.,https://careers.fisglobal.com/jobs/149466?lang=en-us,0,0,0,0,0,0,0
TRU,Market Infrastructure & Data,product_docs,2026-01-06,Use open-source languages including R and Python for custom analyses.,https://www.transunion.com/product/truiq-analytics-studio,0,0,0,0,0,0,0
EFX,Market Infrastructure & Data,employer_careers,2026-01-06,Proficiency in programming languages: SQL and Python.,https://careers.equifax.com/jobs/data-engineer-senior-6811,0,0,0,0,0,0,0
AON,Insurance,employer_careers,2026-01-06,"Proficiency in minimum one of the following: Python, R, SQL.",https://jobs.aon.com/jobs/107673,0,0,0,0,0,0,0
AJG,Insurance,employer_careers,2026-01-06,Data scientists need to be comfortable writing code in Python.,https://jobs.ajg.com/greenhouse-jobs/4488192101,0,0,0,0,0,0,0
MMC,Insurance,employer_careers,2026-01-06,Expertise in Python or R to develop scalable data solutions.,https://careers.mmc.com/global/en/job/R_281078/Senior-Data-Scientist-Mercer,0,0,0,0,0,0,0
PRI,Insurance,employer_careers,2026-01-06,AppDev — Python Scripting Intern.,https://primerica.wd1.myworkdayjobs.com/en-US/pri/job/Duluth-GA/AppDev---Python-Scripting-Intern_R-186042025,0,0,0,0,0,0,0
FHI,Asset Managers,employer_careers,2026-01-06,"Experience with Python, R, or data analysis a plus.",https://careers.federatedhermes.com/psc/EXT/EMPLOYEE/HRMS/c/HRS_HRAM_FL.HRS_CG_SEARCH_FL.GBL?Action=U&FOCUS=Applicant&FOCUS=Applicant&JobOpeningId=9532&Page=HRS_APP_JBPST&PostingSeq=1&SiteId=11,0,0,0,0,0,0,0
TRU,Market Infrastructure & Data,employer_careers,2026-01-06,Proficiency in several programming languages such as Python is a plus.,https://www.transunion.com/careers/students-and-graduates,0,0,0,0,0,0,0
EFX,Market Infrastructure & Data,employer_careers,2026-01-06,Python developer.,https://careers.equifax.com/jobs/python-developer-6537,0,0,0,0,0,0,0
DNB,Market Infrastructure & Data,dev_portal,2026-01-06,Built-in advanced analytics enable you to conduct deep analyses using predefined functions or your own code.,https://www.dnb.com/products/marketing-sales/d-and-b-analytics-studio.html,0,0,0,0,0,0,0
ALLY,Payments & Consumer Finance,Employer job post,2026-01-06,"Senior Full Stack Developer with strong expertise in Python, Public Cloud (AWS, AZURE), Micro-services and AI agent frameworks.",https://ally.avature.net/careers/JobDetail/Senior-Full-Stack-Developer/14191?rb=LinkedIn,0,0,0,0,0,0,0
LC,Payments & Consumer Finance,Employer job post (Workday),2026-01-06,"Comfortable writing scripts (Python, R, or similar) and preparing reports.",https://lendingclub.wd1.myworkdayjobs.com/en-US/External/job/Sr-Product-Analyst---AI-ML_R3091,0,0,0,0,0,0,0
OMF,Payments & Consumer Finance,Employer job post (Workday),2026-01-06,Experience in use of open-source machine learning libraries (Python or R).,https://jobs.onemainfinancial.com/job/data-science-analyst/,0,0,0,0,0,0,0
GDOT,Payments & Consumer Finance,Employer job post (Workday),2026-01-06,"Experience with automation tools (such as Ansible, Python, or Terraform).",https://greendotcorp.wd1.myworkdayjobs.com/GreenDot,0,0,0,0,0,0,0
PNC,Regional Banks,Employer job post (Workday),2026-01-06,We are seeking a highly experienced Python Developer to join our dynamic team at PNC.,https://pnc.wd5.myworkdayjobs.com/en-US/External/job/XMLNAME-2026-Summer-Internship---Python-Software-Engineer-Intern_5000549696006,0,0,0,0,0,0,0
SNV,Regional Banks,Employer job page,2026-01-06,Develop data pipelines and analytical solutions using Azure Databricks and Python.,https://careers.synovus.com/en/featured-jobs/?p=job%2FoX7klfww,0,0,0,0,0,0,0
WBS,Regional Banks,Employer job post,2026-01-06,"Experience with analytics tools (e.g., SQL, Python, R, ACL).",https://careers.websteronline.com/global/en/job/WEB00000073/Manager-Audit-Fiduciary-and-Trust,0,0,0,0,0,0,0
FHN,Regional Banks,Employer job post (UltiPro),2026-01-06,"Experience with database reporting and programming tools such as SQL, Python, R, etc. a plus.",https://recruiting.ultipro.com/FIR1007FTN/JobBoard/c005ef3e-175a-49c4-ba29-9f431f673944/OpportunityDetail?opportunityId=9cdc212e-f6da-4a27-be16-4fcb6a8496fd,0,0,0,0,0,0,0
ASB,Regional Banks,Third‑party job board (Built In),2026-01-06,Top Skills: ... Python ... PyTorch ... Scikit‑Learn ... TensorFlow ...,https://builtin.com/job/data-scientist/7603901,0,0,0,0,0,0,0
CBU,Regional Banks,Third‑party job board (TealHQ),2026-01-06,AI Analyst ...,https://www.tealhq.com/job/ai-analyst_873ac561-efce-4348-89a8-9883c093f05c,0,0,0,0,0,0,0
BXMT,Asset Managers (Alternatives),Employer (manager) job post (Workday),2026-01-06,"Advanced proficiency in Python, SQL, and Tableau.",https://blackstone.wd1.myworkdayjobs.com/en-US/Blackstone_Careers/job/Blackstone-Multi-Asset-Investing--BXMA---MSI--Risk-Analyst_39906,0,0,0,0,0,0,0
BXSL,Asset Managers (Alternatives),Employer (manager) job post (Workday),2026-01-06,"Advanced proficiency in Python, SQL, and Tableau.",https://blackstone.wd1.myworkdayjobs.com/en-US/Blackstone_Careers/job/Blackstone-Multi-Asset-Investing--BXMA---MSI--Risk-Analyst_39906,0,0,0,0,0,0,0
GSBD,BDC / Finance,News (Reuters),2026-01-06,Goldman Sachs launched a generative AI‑powered assistant firmwide to enhance employee productivity.,https://www.reuters.com/business/goldman-sachs-launches-ai-assistant-firmwide-memo-shows-2025-06-23/,0,0,0,0,0,0,0
MFIC,BDC / Finance,Third‑party job board (TealHQ),2026-01-06,"Python Engineer, Trading Services.",https://www.tealhq.com/job/python-engineer-trading-services_194c83f7-6509-4111-b891-18a7090ef1b3,0,0,0,0,0,0,0
RWT,Mortgage REIT / Finance,University career center,2026-01-06,Hands-on work with Python and SQL.,https://career.ucla.edu/resources/ai-engineer-intern-redwood-trust,0,0,0,0,0,0,0
RITM,Mortgage REIT / Finance,Company presentation,2026-01-06,Powering the AI economy.,https://www.rithmcap.com/static-files/9f782f62-b7cc-4029-9f7b-9d30e2de5679,0,0,0,0,0,0,0
