ticker,standardized_name,subsector,subsector,disclosure_status,evidence_count,channel_breadth
AB,AllianceBernstein Holding L.P.,Asset Managers,Asset Managers,explicit_python,1,1
APAM,Artisan Partners Asset Management Inc.,Asset Managers,Asset Managers,none,0,0
BEN,"Franklin Resources, Inc. (Franklin Templeton)",Asset Managers,Asset Managers,explicit_python,2,1
BLK,"BlackRock, Inc.",Asset Managers,Asset Managers,explicit_python,1,1
CNS,"Cohen & Steers, Inc.",Asset Managers,Asset Managers,explicit_python,1,1
FHI,"Federated Hermes, Inc.",Asset Managers,Asset Managers,explicit_python,1,1
IVZ,Invesco Ltd.,Asset Managers,Asset Managers,explicit_python,1,1
JHG,Janus Henderson Group plc,Asset Managers,Asset Managers,explicit_python,1,1
TROW,"T. Rowe Price Group, Inc.",Asset Managers,Asset Managers,explicit_python,1,1
WT,"WisdomTree, Inc.",Asset Managers,Asset Managers,none,0,0
APO,"Apollo Global Management, Inc.",Asset Managers (Alternatives),Asset Managers (Alternatives),explicit_python,1,1
AQR,AQR Capital Management,Asset Managers (Alternatives),Asset Managers (Alternatives),explicit_python,1,1
ARES,Ares Management Corporation,Asset Managers (Alternatives),Asset Managers (Alternatives),explicit_python,1,1
BX,Blackstone Inc.,Asset Managers (Alternatives),Asset Managers (Alternatives),explicit_python,1,1
BXMT,"Blackstone Mortgage Trust, Inc.",Asset Managers (Alternatives),Asset Managers (Alternatives),explicit_python,1,1
BXSL,Blackstone Secured Lending Fund,Asset Managers (Alternatives),Asset Managers (Alternatives),explicit_python,1,1
CITADEL,Citadel,Asset Managers (Alternatives),Asset Managers (Alternatives),explicit_python,1,1
DESHAW,The D. E. Shaw Group,Asset Managers (Alternatives),Asset Managers (Alternatives),explicit_python,1,1
DRW,DRW,Asset Managers (Alternatives),Asset Managers (Alternatives),explicit_python,1,1
EMG,Man Group plc,Asset Managers (Alternatives),Asset Managers (Alternatives),explicit_python,1,1
FSK,FS KKR Capital Corp.,Asset Managers (Alternatives),Asset Managers (Alternatives),none,0,0
HRT,Hudson River Trading,Asset Managers (Alternatives),Asset Managers (Alternatives),explicit_python,1,1
IMC,IMC Trading,Asset Managers (Alternatives),Asset Managers (Alternatives),explicit_python,1,1
JUMP,Jump Trading,Asset Managers (Alternatives),Asset Managers (Alternatives),explicit_python,1,1
KKR,KKR & Co. Inc.,Asset Managers (Alternatives),Asset Managers (Alternatives),none,0,0
MILLENNIUM,Millennium Management,Asset Managers (Alternatives),Asset Managers (Alternatives),explicit_python,1,1
OBDC,Blue Owl Capital Corporation,Asset Managers (Alternatives),Asset Managers (Alternatives),none,0,0
OPTIVER,Optiver,Asset Managers (Alternatives),Asset Managers (Alternatives),explicit_python,1,1
OWL,Blue Owl Capital Inc.,Asset Managers (Alternatives),Asset Managers (Alternatives),none,0,0
P72,Point72,Asset Managers (Alternatives),Asset Managers (Alternatives),explicit_python,1,1
SCHONFELD,Schonfeld Strategic Advisors,Asset Managers (Alternatives),Asset Managers (Alternatives),explicit_python,1,1
SIG,Susquehanna International Group (SIG),Asset Managers (Alternatives),Asset Managers (Alternatives),explicit_python,1,1
TOWER,Tower Research Capital,Asset Managers (Alternatives),Asset Managers (Alternatives),explicit_python,1,1
TWOSIG,Two Sigma,Asset Managers (Alternatives),Asset Managers (Alternatives),explicit_python,1,1
WORLDQUANT,WorldQuant,Asset Managers (Alternatives),Asset Managers (Alternatives),explicit_python,1,1
XTX,XTX Markets,Asset Managers (Alternatives),Asset Managers (Alternatives),explicit_python,1,1
CCAP,"Crescent Capital BDC, Inc.",BDC / Finance,BDC / Finance,none,0,0
CGBD,"Carlyle Secured Lending, Inc.",BDC / Finance,BDC / Finance,none,0,0
CION,CION Investment Corporation,BDC / Finance,BDC / Finance,none,0,0
GSBD,"Goldman Sachs BDC, Inc.",BDC / Finance,BDC / Finance,indirect_ai,1,1
MFIC,MidCap Financial Investment Corporation,BDC / Finance,BDC / Finance,explicit_python,1,1
SCHW,The Charles Schwab Corporation,Brokerages & Wealth,Asset Managers,explicit_python,1,1
ALLY,Ally Financial Inc.,Consumer finance & payments,Payments & Consumer Finance,explicit_python,1,1
COF,Capital One Financial Corporation,Consumer finance & payments,Payments & Consumer Finance,explicit_python,1,1
DFS,Discover Financial Services,Consumer finance & payments,Payments & Consumer Finance,explicit_python,1,1
LC,LendingClub Corporation,Consumer finance & payments,Payments & Consumer Finance,explicit_python,1,1
OMF,"OneMain Holdings, Inc.",Consumer finance & payments,Payments & Consumer Finance,explicit_python,1,1
SYF,Synchrony Financial,Consumer finance & payments,Payments & Consumer Finance,explicit_python,1,1
BK,The Bank of New York Mellon Corporation,Custody & Asset Servicing,Custody & Asset Servicing,explicit_python,1,1
NTRS,Northern Trust Corporation,Custody & Asset Servicing,Custody & Asset Servicing,explicit_python,1,1
STT,State Street Corporation,Custody & Asset Servicing,Custody & Asset Servicing,explicit_python,1,1
BAC,Bank of America Corporation,Diversified Banks,Diversified Banks,indirect_ai,1,1
BBD,Banco Bradesco S.A.,Diversified Banks,Diversified Banks,none,0,0
BBVA,"Banco Bilbao Vizcaya Argentaria, S.A. (ADR)",Diversified Banks,Diversified Banks,none,0,0
C,Citigroup Inc.,Diversified Banks,Diversified Banks,explicit_python,1,1
ITUB,Itaú Unibanco Holding S.A.,Diversified Banks,Diversified Banks,none,0,0
JPM,JPMorgan Chase & Co.,Diversified Banks,Diversified Banks,explicit_python,1,1
SAN,"Banco Santander, S.A.",Diversified Banks,Diversified Banks,none,0,0
TD,The Toronto-Dominion Bank,Diversified Banks,Diversified Banks,none,0,0
WFC,Wells Fargo & Company,Diversified Banks,Diversified Banks,explicit_python,1,1
MKTX,MarketAxess,Fixed-income e‑trading,Fixed-income e‑trading,explicit_python,1,1
TW,Tradeweb Markets,Fixed-income e‑trading,Fixed-income e‑trading,explicit_python,2,1
ACGL,Arch Capital Group Ltd.,Insurance,Insurance,explicit_python,1,1
AFG,"American Financial Group, Inc.",Insurance,Insurance,none,0,0
AFL,Aflac Incorporated,Insurance,Insurance,explicit_python,1,1
AIG,"American International Group, Inc.",Insurance,Insurance,explicit_python,1,1
AIZ,"Assurant, Inc.",Insurance,Insurance,explicit_python,1,1
AJG,Arthur J. Gallagher & Co.,Insurance,Insurance,explicit_python,1,1
ALL,The Allstate Corporation,Insurance,Insurance,explicit_python,1,1
AON,Aon plc,Insurance,Insurance,explicit_python,1,1
AXS,AXIS Capital Holdings Limited,Insurance,Insurance,explicit_python,1,1
BRO,"Brown & Brown, Inc.",Insurance,Insurance,none,0,0
CB,Chubb Limited,Insurance,Insurance,explicit_python,1,1
CINF,Cincinnati Financial Corporation,Insurance,Insurance,explicit_python,1,1
CNA,CNA Financial Corporation,Insurance,Insurance,explicit_python,1,1
CNO,"CNO Financial Group, Inc.",Insurance,Insurance,none,0,0
EG,"Everest Group, Ltd.",Insurance,Insurance,explicit_python,1,1
GL,Globe Life Inc.,Insurance,Insurance,explicit_python,1,1
GNW,"Genworth Financial, Inc.",Insurance,Insurance,explicit_python,1,1
HIG,The Hartford,Insurance,Insurance,explicit_python,1,1
JXN,Jackson Financial Inc.,Insurance,Insurance,explicit_python,1,1
KMPR,Kemper Corporation,Insurance,Insurance,explicit_python,1,1
LNC,Lincoln Financial Group,Insurance,Insurance,explicit_python,1,1
MCY,Mercury General Corporation,Insurance,Insurance,explicit_python,1,1
MET,"MetLife, Inc.",Insurance,Insurance,explicit_python,1,1
MKL,Markel Group Inc.,Insurance,Insurance,explicit_python,1,1
MMC,"Marsh & McLennan Companies, Inc.",Insurance,Insurance,explicit_python,1,1
PFG,Principal Financial Group,Insurance,Insurance,explicit_python,1,1
PGR,Progressive,Insurance,Insurance,explicit_python,1,1
PRI,"Primerica, Inc.",Insurance,Insurance,explicit_python,1,1
RGA,Reinsurance Group of America,Insurance,Insurance,explicit_python,1,1
RNR,RenaissanceRe Holdings Ltd.,Insurance,Insurance,explicit_python,1,1
SIGI,"Selective Insurance Group, Inc.",Insurance,Insurance,none,0,0
THG,"The Hanover Insurance Group, Inc.",Insurance,Insurance,explicit_python,1,1
TRV,"The Travelers Companies, Inc.",Insurance,Insurance,explicit_python,2,1
UNM,Unum Group,Insurance,Insurance,explicit_python,1,1
PRU,Prudential Financial,Insurance & asset management,Insurance,explicit_python,1,1
BCS,Barclays PLC,Investment Banks,Investment Banks,explicit_python,1,1
BMO,Bank of Montreal,Investment Banks,Investment Banks,explicit_python,1,1
BNS,The Bank of Nova Scotia,Investment Banks,Investment Banks,explicit_python,1,1
CM,Canadian Imperial Bank of Commerce,Investment Banks,Investment Banks,explicit_python,1,1
DB,Deutsche Bank AG,Investment Banks,Investment Banks,explicit_python,1,1
EVR,Evercore Inc.,Investment Banks,Investment Banks,explicit_python,1,1
GS,"Goldman Sachs Group, Inc.",Investment Banks,Investment Banks,explicit_python,1,1
HLI,"Houlihan Lokey, Inc.",Investment Banks,Investment Banks,explicit_python,1,1
HSBC,HSBC Holdings plc,Investment Banks,Investment Banks,explicit_python,1,1
ING,ING Groep N.V.,Investment Banks,Investment Banks,explicit_python,1,1
JEF,Jefferies Financial Group Inc.,Investment Banks,Investment Banks,explicit_python,1,1
LAZ,Lazard Ltd,Investment Banks,Investment Banks,explicit_python,1,1
MC,Moelis & Company,Investment Banks,Investment Banks,explicit_python,1,1
MFG,"Mizuho Financial Group, Inc.",Investment Banks,Investment Banks,explicit_python,1,1
MS,Morgan Stanley,Investment Banks,Investment Banks,explicit_python,2,2
NMR,"Nomura Holdings, Inc.",Investment Banks,Investment Banks,explicit_python,1,1
OPY,Oppenheimer Holdings Inc.,Investment Banks,Investment Banks,explicit_python,1,1
PIPR,Piper Sandler Companies,Investment Banks,Investment Banks,explicit_python,1,1
PJT,PJT Partners Inc.,Investment Banks,Investment Banks,explicit_python,1,1
PWP,Perella Weinberg Partners,Investment Banks,Investment Banks,explicit_python,1,1
RILY,"B. Riley Financial, Inc.",Investment Banks,Investment Banks,explicit_python,1,1
RJF,"Raymond James Financial, Inc.",Investment Banks,Investment Banks,explicit_python,1,1
RY,Royal Bank of Canada,Investment Banks,Investment Banks,explicit_python,1,1
SF,Stifel Financial Corp.,Investment Banks,Investment Banks,explicit_python,1,1
UBS,UBS Group AG,Investment Banks,Investment Banks,explicit_python,1,1
SSNC,SS&C Technologies,Investment tech & risk,Investment tech & risk,explicit_python,1,1
BR,"Broadridge Financial Solutions, Inc.",Market Infrastructure & Data,Market Infrastructure & Data,explicit_python,1,1
CBOE,"Cboe Global Markets, Inc.",Market Infrastructure & Data,Market Infrastructure & Data,explicit_python,2,2
FDS,FactSet Research Systems Inc.,Market Infrastructure & Data,Market Infrastructure & Data,explicit_python,1,1
MCO,Moody's Corporation,Market Infrastructure & Data,Market Infrastructure & Data,explicit_python,1,1
MORN,"Morningstar, Inc.",Market Infrastructure & Data,Market Infrastructure & Data,explicit_python,1,1
MSCI,MSCI Inc.,Market Infrastructure & Data,Market Infrastructure & Data,explicit_python,1,1
NDAQ,"Nasdaq, Inc.",Market Infrastructure & Data,Market Infrastructure & Data,explicit_python,3,3
SPGI,S&P Global Inc.,Market Infrastructure & Data,Market Infrastructure & Data,explicit_python,1,1
DNB,"Dun & Bradstreet Holdings, Inc.",Market infrastructure & data,Market Infrastructure & Data,none,1,1
EFX,Equifax Inc.,Market infrastructure & data,Market Infrastructure & Data,explicit_python,2,1
ICE,Intercontinental Exchange,Market infrastructure & data,Market Infrastructure & Data,explicit_python,3,3
TRU,TransUnion,Market infrastructure & data,Market Infrastructure & Data,explicit_python,2,2
ABR,"Arbor Realty Trust, Inc.",Mortgage REIT / Finance,Mortgage REIT / Finance,none,0,0
ARI,"Apollo Commercial Real Estate Finance, Inc.",Mortgage REIT / Finance,Mortgage REIT / Finance,none,0,0
ARR,"ARMOUR Residential REIT, Inc.",Mortgage REIT / Finance,Mortgage REIT / Finance,none,0,0
CIM,Chimera Investment Corporation,Mortgage REIT / Finance,Mortgage REIT / Finance,none,0,0
DX,"Dynex Capital, Inc.",Mortgage REIT / Finance,Mortgage REIT / Finance,none,0,0
GPMT,Granite Point Mortgage Trust Inc.,Mortgage REIT / Finance,Mortgage REIT / Finance,none,0,0
IVR,Invesco Mortgage Capital Inc.,Mortgage REIT / Finance,Mortgage REIT / Finance,none,0,0
KREF,KKR Real Estate Finance Trust Inc.,Mortgage REIT / Finance,Mortgage REIT / Finance,none,0,0
LADR,Ladder Capital Corp,Mortgage REIT / Finance,Mortgage REIT / Finance,none,0,0
MFA,"MFA Financial, Inc.",Mortgage REIT / Finance,Mortgage REIT / Finance,none,0,0
NLY,"Annaly Capital Management, Inc.",Mortgage REIT / Finance,Mortgage REIT / Finance,none,0,0
PMT,PennyMac Mortgage Investment Trust,Mortgage REIT / Finance,Mortgage REIT / Finance,none,0,0
RITM,Rithm Capital Corp.,Mortgage REIT / Finance,Mortgage REIT / Finance,indirect_ai,1,1
RWT,"Redwood Trust, Inc.",Mortgage REIT / Finance,Mortgage REIT / Finance,explicit_python,1,1
STWD,"Starwood Property Trust, Inc.",Mortgage REIT / Finance,Mortgage REIT / Finance,none,0,0
TRTX,"TPG RE Finance Trust, Inc.",Mortgage REIT / Finance,Mortgage REIT / Finance,none,0,0
TWO,Two Harbors Investment Corp.,Mortgage REIT / Finance,Mortgage REIT / Finance,none,0,0
AXP,American Express Company,Payments,Payments & Consumer Finance,explicit_python,1,1
GPN,Global Payments Inc.,Payments,Payments & Consumer Finance,explicit_python,2,1
MA,Mastercard Incorporated,Payments,Payments & Consumer Finance,explicit_python,2,2
V,Visa Inc.,Payments,Payments & Consumer Finance,explicit_python,1,1
FLT,"FLEETCOR Technologies, Inc.",Payments / Consumer Finance,Payments & Consumer Finance,none,0,0
GDOT,Green Dot Corporation,Payments / Consumer Finance,Payments & Consumer Finance,explicit_python,1,1
FIS,"Fidelity National Information Services, Inc.",Payments / Fintech,Payments & Consumer Finance,explicit_python,1,1
PYPL,"PayPal Holdings, Inc.",Payments / Fintech,Payments & Consumer Finance,explicit_python,2,2
SQ,"Block, Inc.",Payments / Fintech,Payments & Consumer Finance,explicit_python,1,1
ASB,Associated Banc-Corp,Regional Banks,Regional Banks,explicit_python,1,1
CADE,Cadence Bank,Regional Banks,Regional Banks,none,0,0
CBU,"Community Bank System, Inc.",Regional Banks,Regional Banks,indirect_ai,1,1
CMA,Comerica Incorporated,Regional Banks,Regional Banks,explicit_python,1,1
FHN,First Horizon Corporation,Regional Banks,Regional Banks,explicit_python,1,1
FITB,Fifth Third Bancorp,Regional Banks,Regional Banks,explicit_python,1,1
HBAN,Huntington Bancshares Incorporated,Regional Banks,Regional Banks,explicit_python,1,1
PB,"Prosperity Bancshares, Inc.",Regional Banks,Regional Banks,none,0,0
PNC,"The PNC Financial Services Group, Inc.",Regional Banks,Regional Banks,explicit_python,1,1
SNV,Synovus Financial Corp.,Regional Banks,Regional Banks,explicit_python,1,1
USB,U.S. Bancorp,Regional Banks,Regional Banks,explicit_python,1,1
WBS,Webster Financial Corporation,Regional Banks,Regional Banks,explicit_python,1,1
ZION,"Zions Bancorporation, N.A.",Regional Banks,Regional Banks,explicit_python,1,1
CFG,Citizens Financial Group,Regional bank,Regional Banks,explicit_python,1,1
KEY,KeyCorp (KeyBank),Regional bank,Regional Banks,explicit_python,1,1
MTB,M&T Bank,Regional bank,Regional Banks,explicit_python,1,1
RF,Regions Financial,Regional bank,Regional Banks,explicit_python,1,1
TFC,Truist Financial,Regional bank,Regional Banks,explicit_python,1,1
AMP,"Ameriprise Financial, Inc.",Wealth & Asset Management,Asset Managers,none,0,0
