firm_id,subsector,count_python,count_r,count_java,count_sas,count_scala,count_matlab
AB,Asset Managers,1,0,0,0,0,0
ACGL,Insurance,1,0,0,0,0,0
AFL,Insurance,1,1,0,0,0,0
AIG,Insurance,1,0,0,0,0,0
AIZ,Insurance,1,0,0,0,0,0
AJG,Insurance,1,0,0,0,0,0
ALL,Insurance,1,0,1,0,0,0
ALLY,Payments & Consumer Finance,1,0,0,0,0,0
AON,Insurance,1,1,0,0,0,0
APO,Asset Managers (Alternatives),1,0,0,0,0,0
AQR,Asset Managers (Alternatives),1,0,1,0,0,0
ARES,Asset Managers (Alternatives),1,0,0,0,0,0
ASB,Regional Banks,1,0,0,0,0,0
AXP,Payments & Consumer Finance,1,0,0,0,0,0
AXS,Insurance,1,0,0,0,0,0
BAC,Diversified Banks,0,0,0,0,0,0
BCS,Investment Banks,1,0,0,0,0,0
BEN,Asset Managers,1,0,0,0,0,0
BK,Custody & Asset Servicing,1,0,0,0,0,0
BLK,Asset Managers,1,0,0,0,0,0
BMO,Investment Banks,1,0,0,0,0,0
BNS,Investment Banks,1,0,0,0,0,0
BR,Market Infrastructure & Data,1,0,0,0,0,0
BX,Asset Managers (Alternatives),1,0,0,0,0,0
BXMT,Asset Managers (Alternatives),1,0,0,0,0,0
BXSL,Asset Managers (Alternatives),1,0,0,0,0,0
C,Diversified Banks,1,0,0,0,0,0
CB,Insurance,1,0,0,0,0,0
CBOE,Market Infrastructure & Data,2,0,0,0,0,0
CBU,Regional Banks,0,0,0,0,0,0
CFG,Regional Banks,1,0,0,0,0,0
CINF,Insurance,1,0,0,0,0,0
CITADEL,Asset Managers (Alternatives),1,0,1,0,0,0
CM,Investment Banks,1,0,0,0,0,0
CMA,Regional Banks,1,0,0,0,0,0
CNA,Insurance,1,1,0,0,0,0
CNS,Asset Managers,1,1,0,0,0,0
COF,Payments & Consumer Finance,1,0,0,0,0,0
DB,Investment Banks,1,0,0,0,0,0
DESHAW,Asset Managers (Alternatives),1,0,0,0,0,0
DFS,Payments & Consumer Finance,1,1,0,1,0,0
DNB,Market Infrastructure & Data,0,0,0,0,0,0
DRW,Asset Managers (Alternatives),1,0,0,0,0,0
EFX,Market Infrastructure & Data,2,0,0,0,0,0
EG,Insurance,1,0,0,0,0,0
EMG,Asset Managers (Alternatives),1,0,0,0,0,0
EVR,Investment Banks,1,0,0,0,0,0
FDS,Market Infrastructure & Data,1,0,1,0,0,0
FHI,Asset Managers,1,1,0,0,0,0
FHN,Regional Banks,1,1,0,0,0,0
FIS,Payments & Consumer Finance,1,0,0,0,0,0
FITB,Regional Banks,1,0,0,1,0,0
GDOT,Payments & Consumer Finance,1,0,0,0,0,0
GL,Insurance,1,0,0,0,0,0
GNW,Insurance,1,0,0,0,0,0
GPN,Payments & Consumer Finance,2,0,1,0,0,0
GS,Investment Banks,1,0,0,0,0,0
GSBD,BDC / Finance,0,0,0,0,0,0
HBAN,Regional Banks,1,0,0,0,0,0
HIG,Insurance,1,0,0,0,0,0
HLI,Investment Banks,1,0,0,0,0,0
HRT,Asset Managers (Alternatives),1,0,0,0,0,0
HSBC,Investment Banks,1,0,0,0,0,0
ICE,Market Infrastructure & Data,3,0,1,0,0,0
IMC,Asset Managers (Alternatives),1,0,0,0,0,0
ING,Investment Banks,1,0,0,0,0,0
IVZ,Asset Managers,1,0,0,0,0,0
JEF,Investment Banks,1,0,0,0,0,0
JHG,Asset Managers,1,0,0,0,0,0
JPM,Diversified Banks,1,0,1,0,0,1
JUMP,Asset Managers (Alternatives),1,0,0,0,0,0
JXN,Insurance,1,0,0,0,0,0
KEY,Regional Banks,1,0,0,0,0,0
KMPR,Insurance,1,0,0,0,0,0
LAZ,Investment Banks,1,0,0,0,0,0
LC,Payments & Consumer Finance,1,1,0,0,0,0
LNC,Insurance,1,0,0,0,0,0
MA,Payments & Consumer Finance,1,0,0,0,0,0
MC,Investment Banks,1,0,0,0,0,0
MCO,Market Infrastructure & Data,1,0,0,0,0,0
MCY,Insurance,1,0,0,0,0,0
MET,Insurance,1,0,0,0,0,0
MFG,Investment Banks,1,0,0,0,0,0
MFIC,BDC / Finance,1,0,0,0,0,0
MILLENNIUM,Asset Managers (Alternatives),1,0,0,0,0,0
MKL,Insurance,1,0,0,0,0,0
MKTX,Fixed-income e‑trading,1,0,0,0,0,0
MMC,Insurance,1,1,0,0,1,0
MORN,Market Infrastructure & Data,1,0,0,0,0,0
MS,Investment Banks,2,0,0,0,0,0
MSCI,Market Infrastructure & Data,1,0,0,0,0,0
MTB,Regional Banks,1,0,0,0,0,0
NDAQ,Market Infrastructure & Data,3,0,0,0,0,0
NMR,Investment Banks,1,0,0,0,0,0
NTRS,Custody & Asset Servicing,1,0,0,0,0,0
OMF,Payments & Consumer Finance,1,1,0,0,0,0
OPTIVER,Asset Managers (Alternatives),1,0,0,0,0,0
OPY,Investment Banks,1,0,0,0,0,0
P72,Asset Managers (Alternatives),1,0,0,0,0,0
PFG,Insurance,1,0,0,0,0,0
PGR,Insurance,1,0,0,0,0,0
PIPR,Investment Banks,1,0,0,0,0,0
PJT,Investment Banks,1,0,0,0,0,0
PNC,Regional Banks,1,0,0,0,0,0
PRI,Insurance,1,0,0,0,0,0
PRU,Insurance,1,0,0,0,0,0
PWP,Investment Banks,1,0,0,0,0,0
PYPL,Payments & Consumer Finance,2,0,0,0,1,0
RF,Regional Banks,1,0,0,0,0,0
RGA,Insurance,1,0,0,0,0,0
RILY,Investment Banks,1,0,0,0,0,0
RITM,Mortgage REIT / Finance,0,0,0,0,0,0
RJF,Investment Banks,1,0,0,0,0,0
RNR,Insurance,1,0,0,0,0,0
RWT,Mortgage REIT / Finance,1,0,0,0,0,0
RY,Investment Banks,1,0,0,0,0,0
SCHONFELD,Asset Managers (Alternatives),1,0,0,0,0,0
SCHW,Asset Managers,1,0,0,0,0,0
SF,Investment Banks,1,0,0,0,0,0
SIG,Asset Managers (Alternatives),1,0,0,0,0,0
SNV,Regional Banks,1,0,0,0,0,0
SPGI,Market Infrastructure & Data,1,0,0,0,0,0
SQ,Payments & Consumer Finance,1,0,0,0,0,0
SSNC,Investment tech & risk,1,0,0,0,0,0
STT,Custody & Asset Servicing,1,0,0,0,1,0
SYF,Payments & Consumer Finance,1,0,0,0,0,0
TFC,Regional Banks,1,0,0,0,0,0
THG,Insurance,1,0,0,0,0,0
TOWER,Asset Managers (Alternatives),1,0,0,0,0,0
TROW,Asset Managers,1,0,0,0,0,0
TRU,Market Infrastructure & Data,2,1,0,0,0,0
TRV,Insurance,2,0,0,0,0,0
TW,Fixed-income e‑trading,2,0,0,0,0,0
TWOSIG,Asset Managers (Alternatives),1,0,0,0,0,0
UBS,Investment Banks,1,0,1,0,0,0
UNM,Insurance,1,0,0,0,0,0
USB,Regional Banks,1,0,0,0,0,0
V,Payments & Consumer Finance,1,0,0,0,0,0
WBS,Regional Banks,1,1,0,0,0,0
WFC,Diversified Banks,1,0,0,0,0,0
WORLDQUANT,Asset Managers (Alternatives),1,0,0,0,0,0
XTX,Asset Managers (Alternatives),1,0,0,0,0,0
ZION,Regional Banks,1,0,0,0,0,0
